<?xml version="1.0" encoding="utf-8"?>
<page id="14.xml">
  <bgcolor>#000000</bgcolor>
  <text>¿De dónde viene esa risa? ¿Quién se ríe de esa manera? ¿Será una criatura endemoniada? ¿Será un asesino peligroso? ¿Será tu madre a punto de reprenderte porque no te has tomado toda la sopa?
Caminas con miedo entre los árboles durante unos segundos que se hacen eternos, y finalmente llegas a un claro, al borde de una carretera de tierra llena de charcos de lodo y hormigas verdes (¿hormigas verdes? ¿Qué alucinógeno has tomado ayer?). Al borde de la carretera, sobre una roca, hay un chino sentado que te mira con cara sonriente. Al verte se ríe de forma misteriosa, y te pregunta si quieres acompañarlo a tomar un café con sirope de caramelo y tostadas con ketchup. A lo lejos, escuchas que se acerca un vehículo. Parece que es una vieja furgoneta.</text>
  <options>
	<option target="3.xml">Suicidarse a golpes con el periódico enrollado</option>
	<option target="9.xml">Echar una buena cagada mientras lees las noticias</option>
  </options>
</page>
