<?xml version="1.0" encoding="utf-8"?>
<page id="2.xml">
  <bgcolor>#000000</bgcolor>
  <text>¿Que haces ahora?</text>
  <options>
	<option target="3.xml">Suicidarse a golpes con el periódico enrollado</option>
	<option target="9.xml">Echar una buena cagada mientras lees las noticias</option>
	<option target="10.xml">Deambular por el bosque sin rumbo</option>
	<option target="12.xml">Poner en práctica lo que aprendiste cuando estuviste con los GayScouts</option>
	<option target="14.xml">Perseguir a lo que quiera que sea que se ha alejado entre la vegetación</option>
  </options>
</page>
