<?xml version="1.0" encoding="utf-8"?>
<info>
  <title>Elige tu propia aventura</title>
  <subtitle>Incijuegos</subtitle>
  <author>Inciclopedia</author>
  <cover>yellow</cover>
  <url>http://inciclopedia.wikia.com/wiki/Incijuegos:Elige_tu_propia_aventura</url>
  <description>¿Quién eres? ¿Cómo has venido a parar a este bosque? ¿Cuál es el sentido de la vida? Sigue jugando y lo descubrirás...</description>
  <edition>Primera edición</edition>
  <init>1.xml</init>
  <version>1.0</version>
</info>
